sample_id,trajectory,pos_x,pos_y,pos_z,sensor10,sensor11,sensor12,sensor20,sensor21,sensor22,sensor30,sensor31,sensor32,sensor40,sensor41,sensor42
rectangular_with_rotation:0,rectangular_with_rotation,11.627861563,4.123092316,1.868830767,-68,-67,-73,-79,-79,-75,-79,-78,-73,-55,-67,-66
rectangular_with_rotation:1,rectangular_with_rotation,11.716639552,4.100852133,1.815245842,-68,-68,-71,-77,-78,-76,-79,-72,-81,-53,-65,-69
rectangular_with_rotation:2,rectangular_with_rotation,11.74432944,4.035294397,1.813352801,-70,-70,-71,-78,-81,-72,-88,-72,-77,-53,-66,-68
rectangular_with_rotation:3,rectangular_with_rotation,11.638876756,4.087347027,1.809,-68,-72,-71,-71,-79,-71,-82,-72,-75,-54,-58,-61
rectangular_with_rotation:4,rectangular_with_rotation,11.389078099,4.133523446,1.813117188,-73,-74,-81,-72,-76,-79,-78,-77,-69,-58,-67,-70
rectangular_with_rotation:5,rectangular_with_rotation,11.081630868,4.167740231,1.834407225,-73,-63,-72,-71,-84,-67,-80,-73,-75,-63,-66,-66
rectangular_with_rotation:6,rectangular_with_rotation,10.353092726,4.177654636,1.838769758,-70,-66,-70,-80,-76,-77,-76,-69,-74,-60,-63,-70
rectangular_with_rotation:7,rectangular_with_rotation,9.97654969,4.166754969,1.836652981,-74,-71,-72,-67,-74,-68,-80,-69,-71,-70,-65,-61
rectangular_with_rotation:8,rectangular_with_rotation,9.199084485,4.14199169,1.813006925,-69,-64,-70,-69,-78,-71,-86,-68,-73,-66,-63,-67
rectangular_with_rotation:9,rectangular_with_rotation,8.590398176,4.20220014,1.77379986,-66,-76,-70,-72,-80,-76,-77,-69,-75,-70,-64,-64
rectangular_with_rotation:10,rectangular_with_rotation,7.980811979,4.214728077,1.799273187,-70,-60,-76,-79,-74,-76,-78,-75,-69,-64,-65,-66
rectangular_with_rotation:11,rectangular_with_rotation,7.224236722,4.22551801,1.785554029,-69,-61,-71,-76,-74,-76,-80,-66,-78,-76,-62,-66
rectangular_with_rotation:12,rectangular_with_rotation,6.728280734,4.182605568,1.771563809,-70,-59,-72,-70,-77,-83,-80,-75,-75,-67,-63,-68
rectangular_with_rotation:13,rectangular_with_rotation,6.190313237,4.277821826,1.761864938,-71,-58,-68,-72,-80,-76,-83,-73,-73,-69,-74,-69
rectangular_with_rotation:14,rectangular_with_rotation,6.259164544,4.421070519,1.656650996,-76,-62,-79,-73,-76,-78,-87,-71,-75,-70,-66,-68
rectangular_with_rotation:15,rectangular_with_rotation,5.819766612,4.403,1.804411129,-70,-63,-72,-79,-82,-72,-83,-81,-81,-71,-75,-66
rectangular_with_rotation:16,rectangular_with_rotation,5.78009637,4.443259074,1.818967877,-70,-70,-66,-74,-75,-77,-86,-73,-80,-67,-77,-63
rectangular_with_rotation:17,rectangular_with_rotation,5.680317357,4.967682643,1.695628438,-63,-64,-67,-77,-75,-78,-83,-77,-78,-77,-70,-69
rectangular_with_rotation:18,rectangular_with_rotation,5.612765415,5.357301346,1.719139546,-58,-67,-68,-71,-76,-71,-82,-75,-75,-73,-75,-68
rectangular_with_rotation:19,rectangular_with_rotation,5.567404539,6.031788254,1.780880908,-61,-63,-65,-76,-80,-71,-85,-70,-75,-73,-71,-77
rectangular_with_rotation:20,rectangular_with_rotation,5.663249246,6.660900503,1.783062312,-65,-66,-68,-69,-81,-75,-84,-74,-68,-73,-67,-77
rectangular_with_rotation:21,rectangular_with_rotation,5.695550867,7.121076866,1.8108263,-58,-66,-62,-67,-73,-76,-83,-71,-74,-77,-67,-77
rectangular_with_rotation:22,rectangular_with_rotation,5.712180455,7.788188222,1.822,-58,-63,-62,-68,-80,-80,-83,-74,-74,-75,-64,-67
rectangular_with_rotation:23,rectangular_with_rotation,5.72297101,8.454115652,1.82094202,-59,-68,-63,-65,-72,-70,-79,-69,-74,-78,-63,-71
rectangular_with_rotation:24,rectangular_with_rotation,5.722763201,8.898674646,1.826236799,-64,-70,-63,-70,-82,-69,-81,-73,-74,-77,-63,-67
rectangular_with_rotation:25,rectangular_with_rotation,5.705421373,9.319569505,1.838,-64,-69,-65,-60,-72,-69,-79,-75,-72,-74,-68,-68
rectangular_with_rotation:26,rectangular_with_rotation,5.678,10.222341745,1.82,-65,-69,-64,-61,-75,-66,-81,-77,-72,-74,-67,-70
rectangular_with_rotation:27,rectangular_with_rotation,5.53,10.864682076,1.48804038,-67,-80,-66,-64,-68,-64,-78,-74,-72,-75,-68,-71
rectangular_with_rotation:28,rectangular_with_rotation,5.556119316,11.361939959,1.757021802,-67,-75,-65,-65,-68,-63,-81,-71,-83,-79,-66,-71
rectangular_with_rotation:29,rectangular_with_rotation,5.46967645,11.970280923,1.9633529,-73,-72,-65,-70,-75,-69,-73,-75,-79,-81,-79,-77
rectangular_with_rotation:30,rectangular_with_rotation,5.573141138,12.50103478,1.735581943,-70,-74,-65,-68,-71,-65,-77,-65,-82,-80,-71,-85
rectangular_with_rotation:31,rectangular_with_rotation,5.730165083,12.871486851,1.757469503,-70,-70,-71,-74,-71,-80,-82,-71,-78,-78,-66,-74
rectangular_with_rotation:32,rectangular_with_rotation,5.801128165,12.964564083,1.790336531,-74,-71,-66,-71,-67,-64,-77,-73,-76,-78,-69,-74
rectangular_with_rotation:33,rectangular_with_rotation,5.914,12.994576642,1.624672993,-71,-73,-64,-71,-68,-72,-83,-73,-81,-77,-64,-79
rectangular_with_rotation:34,rectangular_with_rotation,5.918835224,13.106760918,1.749526659,-70,-75,-64,-71,-68,-64,-77,-70,-77,-83,-73,-75
rectangular_with_rotation:35,rectangular_with_rotation,6.060966276,13.046874186,1.711869001,-72,-76,-64,-72,-68,-70,-73,-72,-70,-80,-65,-78
rectangular_with_rotation:36,rectangular_with_rotation,6.577462079,13.110684691,1.695046349,-72,-76,-65,-55,-65,-60,-71,-68,-75,-77,-71,-74
rectangular_with_rotation:37,rectangular_with_rotation,6.914138585,13.079695842,1.720208607,-68,-67,-78,-59,-68,-66,-82,-70,-75,-77,-76,-78
rectangular_with_rotation:38,rectangular_with_rotation,7.496066157,13.01128628,1.773062195,-68,-74,-70,-57,-74,-59,-80,-68,-68,-79,-69,-77
rectangular_with_rotation:39,rectangular_with_rotation,8.142132344,13.031008237,1.816921472,-67,-73,-69,-60,-65,-66,-71,-69,-68,-82,-70,-79
rectangular_with_rotation:40,rectangular_with_rotation,8.580164476,13.032,1.818915166,-67,-74,-71,-59,-66,-65,-71,-71,-70,-79,-77,-77
rectangular_with_rotation:41,rectangular_with_rotation,9.189979967,13.022,1.820316141,-66,-73,-66,-62,-69,-63,-70,-70,-68,-79,-71,-77
rectangular_with_rotation:42,rectangular_with_rotation,9.590333426,12.991051286,1.823,-71,-71,-71,-63,-69,-69,-69,-70,-69,-80,-68,-77
rectangular_with_rotation:43,rectangular_with_rotation,10.005328994,13.010155266,1.824711183,-68,-78,-78,-66,-68,-68,-65,-65,-71,-72,-73,-75
rectangular_with_rotation:44,rectangular_with_rotation,10.940825167,13.028559003,1.807823427,-70,-75,-72,-69,-69,-66,-64,-69,-65,-71,-70,-72
rectangular_with_rotation:45,rectangular_with_rotation,11.352978137,13.062204635,1.844102317,-75,-78,-75,-68,-68,-63,-61,-59,-72,-72,-74,-74
rectangular_with_rotation:46,rectangular_with_rotation,11.712726987,13.150042748,1.768884868,-70,-69,-67,-68,-71,-57,-58,-64,-66,-78,-75,-74
rectangular_with_rotation:47,rectangular_with_rotation,11.858699375,13.030810003,1.701895624,-75,-73,-73,-74,-81,-65,-61,-60,-76,-78,-77,-73
rectangular_with_rotation:48,rectangular_with_rotation,11.823034404,12.809716615,1.797570846,-71,-71,-73,-71,-75,-63,-64,-64,-70,-80,-75,-74
rectangular_with_rotation:49,rectangular_with_rotation,11.88947194,12.38637627,1.770652806,-68,-72,-76,-71,-80,-68,-71,-59,-78,-77,-68,-78
rectangular_with_rotation:50,rectangular_with_rotation,11.789128429,11.70347629,1.822082287,-70,-71,-72,-70,-75,-62,-72,-68,-64,-76,-66,-78
rectangular_with_rotation:51,rectangular_with_rotation,11.864734751,10.862641855,1.851566312,-66,-70,-70,-65,-75,-60,-71,-68,-65,-81,-63,-80
rectangular_with_rotation:52,rectangular_with_rotation,11.893951766,10.164017394,1.824048234,-63,-74,-70,-70,-74,-62,-71,-73,-71,-72,-59,-72
rectangular_with_rotation:53,rectangular_with_rotation,11.909612471,9.174144797,1.818224943,-67,-78,-67,-64,-74,-64,-75,-76,-70,-70,-64,-74
rectangular_with_rotation:54,rectangular_with_rotation,11.905757573,8.671838448,1.826747476,-65,-68,-69,-69,-75,-72,-71,-73,-71,-71,-62,-75
rectangular_with_rotation:55,rectangular_with_rotation,11.916033383,7.943629835,1.827,-66,-65,-73,-68,-84,-75,-79,-71,-72,-70,-63,-72
rectangular_with_rotation:56,rectangular_with_rotation,11.903444126,7.422544401,1.826722063,-66,-71,-75,-70,-74,-74,-76,-71,-72,-71,-65,-72
rectangular_with_rotation:57,rectangular_with_rotation,11.774972433,6.908166404,1.799722182,-66,-74,-79,-69,-77,-73,-73,-76,-72,-70,-65,-73
rectangular_with_rotation:58,rectangular_with_rotation,11.9009164,5.920834053,1.978666992,-63,-72,-74,-69,-78,-72,-81,-74,-78,-57,-67,-68
rectangular_with_rotation:59,rectangular_with_rotation,11.86830729,4.988822826,1.87730729,-70,-70,-68,-70,-72,-76,-80,-75,-80,-53,-59,-68
rectangular_with_rotation:60,rectangular_with_rotation,11.868,4.267946979,1.842149768,-70,-68,-69,-71,-72,-71,-83,-73,-74,-60,-61,-67
rectangular_without_rotation:0,rectangular_without_rotation,11.673740012,4.251573312,1.75026668,-77,-75,-70,-78,-79,-78,-81,-73,-83,-53,-68,-74
rectangular_without_rotation:1,rectangular_without_rotation,11.73415701,4.133685981,1.806905794,-71,-69,-69,-77,-84,-73,-81,-71,-81,-54,-63,-65
rectangular_without_rotation:2,rectangular_without_rotation,11.737096353,4.11328906,1.81428906,-72,-68,-69,-77,-84,-72,-81,-71,-83,-54,-65,-67
rectangular_without_rotation:3,rectangular_without_rotation,11.428345377,4.141365462,1.816091366,-69,-68,-69,-72,-75,-77,-77,-73,-74,-60,-58,-68
rectangular_without_rotation:4,rectangular_without_rotation,11.150181157,4.196921256,1.836228342,-75,-75,-72,-73,-76,-73,-77,-73,-71,-58,-62,-67
rectangular_without_rotation:5,rectangular_without_rotation,10.821833019,4.230454855,1.842729127,-78,-72,-75,-70,-73,-75,-77,-73,-74,-60,-64,-64
rectangular_without_rotation:6,rectangular_without_rotation,10.341566984,4.202678349,1.831452233,-70,-69,-77,-71,-74,-74,-78,-73,-77,-61,-63,-62
rectangular_without_rotation:7,rectangular_without_rotation,10.012200266,4.191876964,1.837020506,-71,-68,-77,-68,-75,-77,-78,-69,-74,-65,-63,-65
rectangular_without_rotation:8,rectangular_without_rotation,9.092839171,4.141285992,1.797968223,-68,-64,-68,-68,-78,-80,-75,-69,-69,-70,-61,-63
rectangular_without_rotation:9,rectangular_without_rotation,8.670438777,4.142687755,1.791662449,-69,-71,-71,-72,-76,-70,-82,-78,-71,-70,-64,-66
rectangular_without_rotation:10,rectangular_without_rotation,8.22722375,4.174256573,1.794348685,-63,-67,-73,-71,-81,-72,-81,-71,-78,-72,-66,-66
rectangular_without_rotation:11,rectangular_without_rotation,7.624609247,4.214680283,1.790051509,-67,-69,-72,-73,-76,-77,-84,-71,-73,-74,-64,-66
rectangular_without_rotation:12,rectangular_without_rotation,7.232354139,4.209412878,1.788380683,-72,-61,-75,-80,-74,-71,-79,-66,-76,-70,-61,-68
rectangular_without_rotation:13,rectangular_without_rotation,6.86009863,4.194735409,1.780636779,-70,-56,-70,-71,-75,-71,-76,-71,-76,-71,-65,-70
rectangular_without_rotation:14,rectangular_without_rotation,6.216511939,4.20895449,1.743267347,-70,-57,-69,-77,-73,-79,-79,-68,-77,-70,-65,-67
rectangular_without_rotation:15,rectangular_without_rotation,5.877007101,4.817801928,1.827249556,-71,-59,-68,-75,-78,-77,-83,-74,-75,-69,-66,-69
rectangular_without_rotation:16,rectangular_without_rotation,5.796015012,4.561282328,1.794261259,-70,-64,-69,-81,-76,-76,-85,-75,-75,-69,-66,-68
rectangular_without_rotation:17,rectangular_without_rotation,5.785227955,4.821767813,1.823316134,-71,-58,-73,-74,-77,-82,-83,-74,-73,-72,-67,-68
rectangular_without_rotation:18,rectangular_without_rotation,5.81716836,4.58917852,1.751595936,-69,-58,-69,-71,-79,-78,-83,-76,-77,-70,-72,-65
rectangular_without_rotation:19,rectangular_without_rotation,5.879233857,4.999924076,1.726193715,-68,-57,-67,-74,-73,-78,-83,-79,-75,-80,-66,-69
rectangular_without_rotation:20,rectangular_without_rotation,5.871749116,5.621197489,1.681825672,-56,-59,-69,-72,-75,-81,-80,-69,-70,-77,-75,-69
rectangular_without_rotation:21,rectangular_without_rotation,5.835036883,6.101841555,1.708759491,-56,-68,-68,-75,-74,-70,-75,-71,-70,-75,-80,-75
rectangular_without_rotation:22,rectangular_without_rotation,5.833579283,6.928287679,1.769689249,-60,-63,-68,-67,-68,-73,-77,-70,-71,-73,-63,-78
rectangular_without_rotation:23,rectangular_without_rotation,5.862405615,7.598671847,1.796125846,-59,-66,-65,-64,-75,-72,-76,-69,-72,-74,-65,-75
rectangular_without_rotation:24,rectangular_without_rotation,5.923688845,8.034126418,1.838682192,-61,-80,-70,-66,-74,-72,-81,-69,-71,-77,-71,-71
rectangular_without_rotation:25,rectangular_without_rotation,5.913,8.789352478,1.870536943,-63,-73,-68,-63,-72,-68,-74,-68,-67,-77,-67,-75
rectangular_without_rotation:26,rectangular_without_rotation,5.924159097,9.914027251,1.854368198,-66,-64,-69,-56,-68,-68,-75,-68,-72,-73,-66,-74
rectangular_without_rotation:27,rectangular_without_rotation,5.869866588,10.519631651,1.917116882,-66,-68,-67,-56,-67,-65,-81,-83,-69,-74,-66,-71
rectangular_without_rotation:28,rectangular_without_rotation,5.842839957,11.618180447,1.86864984,-66,-71,-75,-60,-71,-65,-79,-81,-78,-86,-68,-73
rectangular_without_rotation:29,rectangular_without_rotation,5.833434303,11.908637663,1.921222668,-74,-81,-73,-72,-77,-65,-76,-66,-75,-79,-75,-75
rectangular_without_rotation:30,rectangular_without_rotation,5.865954957,12.425774784,1.799552124,-70,-80,-80,-68,-71,-67,-80,-70,-83,-83,-73,-77
rectangular_without_rotation:31,rectangular_without_rotation,5.914,12.737805471,1.719502625,-73,-77,-72,-84,-68,-65,-78,-71,-82,-81,-69,-80
rectangular_without_rotation:32,rectangular_without_rotation,5.936541798,12.697707729,1.701021057,-69,-77,-71,-73,-69,-69,-79,-74,-81,-81,-82,-80
rectangular_without_rotation:33,rectangular_without_rotation,5.908956087,12.706752826,1.790752826,-69,-81,-76,-73,-67,-65,-79,-72,-83,-80,-69,-80
rectangular_without_rotation:34,rectangular_without_rotation,6.019678905,12.912238955,1.824839453,-70,-78,-70,-71,-67,-69,-72,-66,-80,-80,-71,-79
rectangular_without_rotation:35,rectangular_without_rotation,6.573622221,12.781700504,1.814294949,-79,-77,-69,-71,-72,-68,-73,-65,-74,-80,-65,-74
rectangular_without_rotation:36,rectangular_without_rotation,7.330839537,12.784580706,1.830225883,-70,-72,-76,-57,-74,-65,-76,-67,-69,-76,-69,-77
rectangular_without_rotation:37,rectangular_without_rotation,7.759094048,12.790658123,1.858700858,-71,-69,-78,-58,-75,-71,-79,-66,-67,-80,-71,-76
rectangular_without_rotation:38,rectangular_without_rotation,8.341185471,12.752621817,1.828207272,-68,-73,-72,-57,-74,-69,-70,-65,-72,-72,-69,-76
rectangular_without_rotation:39,rectangular_without_rotation,8.992092992,12.740321081,1.825678919,-67,-75,-77,-62,-72,-73,-70,-68,-68,-80,-67,-73
rectangular_without_rotation:40,rectangular_without_rotation,9.450763786,12.697466853,1.838766574,-69,-71,-75,-63,-79,-62,-67,-66,-71,-75,-66,-72
rectangular_without_rotation:41,rectangular_without_rotation,10.473284324,12.744575394,1.840474869,-68,-70,-74,-70,-73,-70,-65,-60,-64,-80,-65,-72
rectangular_without_rotation:42,rectangular_without_rotation,11.185022998,12.77,1.842809155,-71,-71,-71,-65,-78,-73,-61,-60,-66,-83,-72,-75
rectangular_without_rotation:43,rectangular_without_rotation,11.536582306,12.750627765,1.829604423,-80,-77,-79,-70,-78,-80,-63,-65,-70,-75,-86,-82
rectangular_without_rotation:44,rectangular_without_rotation,11.678661448,12.744736682,1.808451403,-66,-75,-75,-70,-74,-72,-59,-78,-65,-80,-74,-79
rectangular_without_rotation:45,rectangular_without_rotation,11.762883905,12.705348284,1.747883905,-67,-77,-78,-71,-77,-74,-59,-70,-72,-79,-75,-78
rectangular_without_rotation:46,rectangular_without_rotation,11.776325911,12.575971642,1.851139691,-71,-76,-76,-70,-75,-69,-62,-66,-68,-77,-74,-74
rectangular_without_rotation:47,rectangular_without_rotation,11.774290392,12.181038862,1.737284273,-69,-73,-85,-68,-75,-69,-65,-66,-66,-79,-68,-74
rectangular_without_rotation:48,rectangular_without_rotation,11.757626795,11.620698577,1.734961727,-77,-77,-72,-76,-78,-66,-72,-73,-76,-75,-60,-75
rectangular_without_rotation:49,rectangular_without_rotation,11.765744433,11.318322372,1.747559209,-71,-72,-69,-68,-76,-75,-72,-75,-62,-75,-61,-71
rectangular_without_rotation:50,rectangular_without_rotation,11.725897425,10.769825665,1.793540172,-68,-80,-75,-70,-74,-71,-70,-70,-66,-77,-73,-77
rectangular_without_rotation:51,rectangular_without_rotation,11.782380169,10.233189877,1.794099156,-65,-69,-74,-69,-70,-77,-83,-66,-70,-78,-62,-70
rectangular_without_rotation:52,rectangular_without_rotation,11.763,9.539071562,1.794928563,-66,-80,-72,-64,-74,-68,-77,-68,-62,-74,-64,-69
rectangular_without_rotation:53,rectangular_without_rotation,11.795456619,8.656296734,1.817684928,-70,-71,-68,-68,-75,-68,-76,-71,-70,-70,-63,-73
rectangular_without_rotation:54,rectangular_without_rotation,11.763264229,7.624120612,1.833,-65,-71,-69,-67,-75,-73,-72,-71,-69,-73,-61,-70
rectangular_without_rotation:55,rectangular_without_rotation,11.727309211,6.568070198,1.813061409,-65,-65,-74,-70,-74,-68,-73,-71,-70,-66,-62,-69
rectangular_without_rotation:56,rectangular_without_rotation,11.689410003,5.707339933,1.671115004,-67,-71,-79,-70,-77,-75,-81,-71,-70,-61,-65,-60
rectangular_without_rotation:57,rectangular_without_rotation,11.697123322,4.927727489,1.712810542,-69,-66,-74,-71,-77,-80,-85,-78,-79,-55,-61,-65
rectangular_without_rotation:58,rectangular_without_rotation,11.747486751,4.331942107,1.791216878,-68,-70,-69,-74,-84,-78,-77,-71,-74,-54,-64,-63
rectangular_without_rotation:59,rectangular_without_rotation,11.729375872,4.116872385,1.803248257,-69,-71,-72,-77,-78,-75,-80,-72,-72,-54,-65,-68
straight_01:0,straight_01,18.014747065,8.456247904,1.843500838,-72,-78,-81,-74,-84,-74,-77,-68,-74,-74,-64,-74
straight_01:1,straight_01,17.90443628,8.44164093,1.81551349,-74,-77,-79,-73,-74,-77,-77,-72,-63,-72,-60,-68
straight_01:2,straight_01,17.878760096,8.446719711,1.862,-74,-79,-79,-73,-78,-75,-81,-71,-63,-71,-63,-69
straight_01:3,straight_01,17.860124122,8.437539002,1.841663124,-76,-77,-74,-77,-73,-79,-78,-72,-68,-70,-62,-68
straight_01:4,straight_01,17.640921739,8.432,1.85900301,-71,-71,-72,-75,-81,-75,-76,-68,-70,-73,-61,-70
straight_01:5,straight_01,17.331706115,8.470062975,1.833073471,-71,-78,-72,-76,-78,-76,-71,-76,-60,-72,-61,-73
straight_01:6,straight_01,16.984948208,8.461259711,1.822480578,-70,-78,-80,-77,-80,-81,-75,-73,-67,-71,-59,-74
straight_01:7,straight_01,16.522946141,8.457689516,1.843995104,-71,-74,-71,-88,-75,-74,-69,-71,-64,-72,-59,-69
straight_01:8,straight_01,16.077640605,8.478294271,1.85418231,-72,-76,-73,-71,-82,-75,-73,-69,-74,-72,-59,-67
straight_01:9,straight_01,15.635492757,8.67586919,1.837972541,-71,-80,-71,-73,-78,-74,-69,-70,-60,-72,-51,-74
straight_01:10,straight_01,15.089386382,8.348370467,1.987577659,-70,-78,-80,-71,-78,-74,-72,-69,-66,-71,-51,-70
straight_01:11,straight_01,14.653135385,8.377513538,1.891216154,-71,-75,-71,-74,-81,-79,-65,-71,-64,-71,-58,-70
straight_01:12,straight_01,14.263036204,8.256899707,1.87356546,-68,-69,-74,-69,-75,-68,-68,-71,-67,-66,-59,-66
straight_01:13,straight_01,13.667361501,8.470024077,1.766710846,-66,-72,-70,-68,-74,-71,-74,-70,-65,-66,-68,-69
straight_01:14,straight_01,13.211565138,8.527086955,1.762739136,-73,-73,-75,-73,-78,-75,-74,-74,-65,-70,-68,-70
straight_01:15,straight_01,12.761055484,8.526853405,1.730853405,-71,-74,-67,-71,-73,-68,-75,-74,-63,-75,-60,-69
straight_01:16,straight_01,12.362291853,8.59318012,1.78481988,-67,-73,-74,-71,-73,-68,-77,-70,-68,-70,-59,-71
straight_01:17,straight_01,11.968862226,8.578591835,1.803647959,-64,-70,-70,-67,-78,-72,-73,-68,-67,-73,-64,-66
straight_01:18,straight_01,11.676919084,8.59721416,1.809795954,-63,-80,-74,-71,-71,-73,-71,-71,-68,-76,-65,-71
straight_01:19,straight_01,11.236388086,8.576572847,1.815058278,-64,-70,-69,-71,-73,-71,-81,-68,-68,-73,-61,-78
straight_01:20,straight_01,10.938537798,8.575213445,1.813786555,-67,-71,-73,-67,-72,-73,-71,-68,-67,-79,-69,-71
straight_01:21,straight_01,10.528628448,8.55774947,1.822562633,-62,-67,-73,-71,-73,-82,-72,-64,-62,-72,-65,-67
straight_01:22,straight_01,9.940247385,8.583841579,1.828316841,-64,-74,-69,-70,-81,-74,-76,-65,-74,-72,-65,-77
straight_01:23,straight_01,9.490542237,8.526009537,1.821019073,-59,-74,-70,-65,-78,-69,-77,-70,-74,-70,-60,-69
straight_01:24,straight_01,8.820289713,8.546690636,1.836267977,-58,-76,-69,-68,-69,-67,-77,-68,-70,-70,-68,-73
straight_01:25,straight_01,8.478181735,8.53510671,1.837778658,-61,-69,-68,-66,-74,-70,-82,-69,-70,-72,-67,-73
straight_01:26,straight_01,8.143143894,8.522064912,1.837610531,-65,-64,-74,-70,-72,-66,-86,-68,-66,-72,-62,-72
straight_01:27,straight_01,7.606493416,8.527387279,1.837888596,-60,-66,-69,-61,-73,-73,-74,-68,-68,-75,-64,-76
straight_01:28,straight_01,7.114428971,8.534,1.83488449,-64,-70,-73,-65,-70,-71,-75,-70,-69,-72,-66,-69
straight_01:29,straight_01,6.632932071,8.532356686,1.794070059,-61,-70,-69,-68,-74,-74,-78,-66,-70,-78,-66,-78
straight_01:30,straight_01,6.276319133,8.683,1.86478556,-63,-69,-66,-63,-75,-68,-74,-73,-68,-78,-69,-74
straight_01:31,straight_01,5.805464232,8.656527861,1.867763931,-60,-72,-65,-60,-70,-70,-80,-71,-69,-78,-66,-70
straight_01:32,straight_01,5.46577626,8.668218124,1.878260625,-67,-71,-72,-73,-67,-63,-78,-68,-73,-77,-71,-72
straight_01:33,straight_01,4.897268722,8.732790787,1.859,-62,-62,-63,-65,-65,-69,-76,-73,-79,-76,-68,-76
straight_01:34,straight_01,4.380869383,8.571139046,1.862886938,-66,-65,-66,-65,-75,-78,-81,-71,-74,-82,-65,-76
straight_01:35,straight_01,3.814575726,8.641337307,1.850301544,-65,-66,-64,-62,-68,-70,-79,-73,-76,-79,-69,-79
straight_01:36,straight_01,3.056725467,8.562498999,1.837498999,-65,-64,-60,-65,-67,-70,-79,-72,-80,-81,-68,-74
straight_01:37,straight_01,2.352837172,8.544618216,1.828,-72,-65,-62,-67,-68,-64,-83,-74,-78,-79,-69,-72
straight_01:38,straight_01,1.999233754,8.541251477,1.841937131,-70,-65,-61,-71,-66,-66,-82,-75,-75,-83,-62,-74
straight_01:39,straight_01,1.32022547,8.536189979,1.84,-70,-63,-59,-71,-66,-69,-78,-69,-70,-79,-73,-74
straight_01:40,straight_01,0.833937502,8.479305852,1.857877659,-71,-65,-59,-70,-69,-74,-82,-72,-67,-80,-72,-71
straight_01:41,straight_01,0.354176839,8.448104447,1.846,-73,-67,-64,-70,-68,-70,-84,-76,-79,-83,-68,-78
straight_02:0,straight_02,17.940020347,4.173081389,1.825938958,-79,-72,-73,-80,-81,-78,-80,-76,-77,-71,-68,-65
straight_02:1,straight_02,17.823220731,4.181648652,1.832549551,-73,-71,-72,-76,-79,-77,-81,-82,-79,-72,-62,-68
straight_02:2,straight_02,17.51897678,4.166,1.845227305,-73,-71,-81,-72,-73,-78,-79,-74,-80,-68,-63,-68
straight_02:3,straight_02,17.283765972,4.160896119,1.843,-78,-80,-73,-79,-76,-80,-76,-79,-71,-72,-61,-65
straight_02:4,straight_02,16.735011659,4.149890184,1.834945092,-72,-75,-76,-72,-82,-74,-75,-73,-77,-67,-63,-70
straight_02:5,straight_02,16.35230208,4.154,1.834,-70,-75,-67,-76,-78,-79,-75,-75,-71,-65,-58,-69
straight_02:6,straight_02,16.102504111,4.140457848,1.831485949,-71,-69,-74,-78,-77,-75,-76,-77,-72,-66,-57,-68
straight_02:7,straight_02,15.275228379,4.134788581,1.824394291,-74,-72,-71,-78,-79,-81,-73,-68,-71,-68,-60,-69
straight_02:8,straight_02,14.848251751,4.103694483,1.787305517,-71,-72,-75,-77,-80,-77,-75,-69,-73,-69,-53,-65
straight_02:9,straight_02,14.22068429,4.1256817,1.748636599,-66,-73,-71,-77,-84,-75,-73,-77,-68,-58,-59,-64
straight_02:10,straight_02,13.769881049,4.190422335,1.730429611,-70,-74,-81,-80,-81,-72,-74,-76,-76,-61,-62,-61
straight_02:11,straight_02,13.35152558,4.193555984,1.747166988,-70,-74,-73,-76,-75,-75,-83,-71,-71,-58,-62,-65
straight_02:12,straight_02,13.145386412,4.127964938,1.803982469,-70,-74,-72,-74,-81,-78,-80,-71,-76,-58,-62,-71
straight_02:13,straight_02,12.535644547,4.473264942,1.811896804,-71,-69,-72,-70,-79,-74,-79,-81,-69,-56,-57,-64
straight_02:14,straight_02,12.24885373,4.253991274,1.795875545,-68,-66,-75,-78,-75,-72,-85,-73,-77,-55,-59,-65
straight_02:15,straight_02,11.59107446,4.181611914,1.814104468,-71,-78,-68,-75,-79,-74,-80,-70,-72,-57,-57,-63
straight_02:16,straight_02,11.247620115,4.15348763,1.812115723,-67,-69,-73,-72,-78,-70,-75,-75,-81,-60,-59,-66
straight_02:17,straight_02,10.913166753,4.157,1.834887679,-71,-72,-77,-72,-80,-77,-82,-70,-73,-71,-60,-62
straight_02:18,straight_02,10.402468417,4.148521052,1.841478948,-71,-65,-75,-71,-75,-72,-81,-73,-75,-66,-62,-63
straight_02:19,straight_02,9.921533324,4.160120566,1.83867234,-72,-71,-69,-73,-73,-74,-81,-75,-78,-60,-71,-59
straight_02:20,straight_02,9.587843289,4.136,1.821,-71,-71,-74,-71,-76,-76,-85,-72,-80,-70,-70,-71
straight_02:21,straight_02,9.098704295,4.140672158,1.804,-71,-67,-69,-69,-77,-75,-77,-69,-68,-71,-68,-62
straight_02:22,straight_02,8.552695054,4.162790846,1.799069718,-67,-64,-71,-71,-76,-71,-76,-72,-75,-66,-63,-66
straight_02:23,straight_02,7.780747071,4.197602626,1.798218384,-62,-65,-75,-74,-82,-75,-80,-70,-74,-70,-65,-65
straight_02:24,straight_02,7.406245909,4.194994647,1.792320844,-73,-65,-72,-72,-80,-71,-80,-75,-79,-70,-63,-65
straight_02:25,straight_02,6.909372644,4.185218498,1.776563005,-67,-60,-69,-74,-76,-84,-80,-72,-73,-69,-62,-69
straight_02:26,straight_02,6.709541592,4.21878702,1.774409735,-71,-59,-78,-72,-78,-75,-93,-72,-77,-66,-65,-68
straight_02:27,straight_02,6.121560734,4.240167858,1.758160712,-72,-55,-69,-72,-73,-79,-78,-69,-73,-70,-68,-72
straight_02:28,straight_02,5.677685077,4.157395949,1.748736034,-71,-63,-70,-79,-75,-72,-86,-75,-83,-70,-70,-70
straight_02:29,straight_02,4.9451574,4.1868448,1.8077694,-64,-60,-66,-72,-74,-73,-88,-76,-80,-69,-64,-70
straight_02:30,straight_02,4.563025836,4.21987823,1.809045664,-67,-64,-63,-68,-79,-74,-83,-75,-81,-82,-66,-72
straight_02:31,straight_02,3.543558534,4.14206748,1.79493252,-62,-63,-63,-70,-72,-72,-79,-74,-77,-78,-73,-73
straight_02:32,straight_02,2.968066044,4.165885546,1.797427732,-69,-63,-65,-72,-76,-69,-85,-74,-80,-73,-67,-69
straight_02:33,straight_02,2.386260496,4.16153626,1.807347805,-67,-66,-62,-69,-70,-73,-84,-72,-80,-80,-70,-68
straight_02:34,straight_02,2.021429291,4.172218459,1.806546148,-65,-65,-63,-74,-69,-71,-88,-77,-83,-76,-69,-69
straight_02:35,straight_02,1.481019934,4.212584327,1.732941567,-65,-66,-66,-72,-72,-69,-84,-73,-75,-81,-66,-71
straight_02:36,straight_02,0.933684314,4.301507342,1.809725657,-68,-66,-67,-73,-81,-75,-81,-75,-72,-73,-71,-73
straight_02:37,straight_02,0.583334429,4.188167215,1.741,-69,-74,-67,-68,-81,-74,-83,-72,-69,-76,-70,-75
straight_03:0,straight_03,11.523890979,-0.108017496,1.824786003,-71,-69,-78,-83,-84,-80,-87,-76,-83,-67,-69,-70
straight_03:1,straight_03,11.49494983,-0.113053396,1.89736893,-75,-77,-77,-80,-82,-77,-85,-76,-78,-68,-76,-67
straight_03:2,straight_03,11.450917136,-0.094393058,1.868895184,-70,-65,-81,-79,-83,-78,-86,-77,-77,-66,-71,-70
straight_03:3,straight_03,11.66379256,0.016993102,1.733068243,-72,-62,-75,-86,-84,-81,-82,-81,-75,-69,-69,-66
straight_03:4,straight_03,11.425852767,0.577820856,1.869339875,-72,-66,-71,-72,-78,-73,-94,-76,-79,-63,-69,-52
straight_03:5,straight_03,11.394882368,1.323154752,1.863891648,-72,-69,-77,-76,-80,-77,-88,-72,-84,-64,-72,-51
straight_03:6,straight_03,11.493,2.186524505,1.816562062,-72,-69,-73,-75,-77,-78,-86,-79,-77,-59,-64,-57
straight_03:7,straight_03,11.502817423,2.595292194,1.821688203,-71,-65,-71,-75,-77,-71,-86,-81,-75,-64,-65,-63
straight_03:8,straight_03,11.507,3.601582659,1.835,-70,-63,-69,-72,-79,-76,-84,-75,-78,-59,-66,-60
straight_03:9,straight_03,11.485278402,4.167772787,1.833508531,-70,-73,-73,-73,-79,-78,-82,-74,-74,-54,-65,-68
straight_03:10,straight_03,11.38447062,4.707523677,1.789825441,-67,-66,-74,-71,-76,-74,-82,-77,-75,-55,-65,-70
straight_03:11,straight_03,11.521285937,5.626213925,1.851785708,-67,-71,-75,-69,-73,-73,-79,-72,-69,-61,-68,-62
straight_03:12,straight_03,11.801595811,6.20621418,1.845800322,-64,-64,-71,-71,-79,-75,-76,-75,-82,-67,-61,-61
straight_03:13,straight_03,11.619191653,6.875380451,1.863359583,-71,-69,-75,-68,-74,-74,-73,-75,-75,-68,-64,-65
straight_03:14,straight_03,11.544806055,7.261210971,1.853883633,-67,-70,-69,-68,-79,-66,-80,-72,-79,-71,-59,-74
straight_03:15,straight_03,11.507868933,7.898135973,1.833,-67,-68,-70,-70,-76,-71,-75,-69,-71,-71,-66,-67
straight_03:16,straight_03,11.516,8.348669412,1.824,-64,-77,-78,-67,-75,-67,-73,-73,-74,-79,-60,-76
straight_03:17,straight_03,11.545034006,9.003054201,1.832034006,-68,-69,-68,-71,-77,-80,-73,-74,-75,-76,-65,-70
straight_03:18,straight_03,11.538320491,9.682872152,1.837240368,-65,-73,-66,-66,-73,-79,-72,-69,-69,-71,-63,-70
straight_03:19,straight_03,11.50882172,10.150588177,1.834356559,-72,-77,-68,-69,-74,-71,-73,-72,-72,-74,-59,-69
straight_03:20,straight_03,11.571888102,11.012328096,1.758686583,-68,-68,-75,-66,-78,-79,-71,-70,-66,-72,-65,-69
straight_03:21,straight_03,11.520341226,11.623371362,1.755669537,-71,-74,-70,-66,-74,-66,-71,-69,-73,-76,-65,-73
straight_03:22,straight_03,11.553578469,12.253972736,1.781,-73,-75,-72,-67,-77,-72,-65,-63,-63,-83,-64,-75
straight_03:23,straight_03,11.580004126,12.683971116,1.799219013,-70,-73,-71,-65,-71,-66,-68,-68,-68,-75,-69,-70
straight_03:24,straight_03,11.564890604,13.356600275,1.826465638,-76,-72,-76,-70,-71,-69,-60,-60,-66,-84,-69,-77
straight_03:25,straight_03,11.55194216,14.508823912,1.817154241,-75,-68,-74,-63,-71,-72,-67,-63,-67,-81,-66,-74
straight_03:26,straight_03,11.549315761,15.16429626,1.83267106,-82,-72,-75,-65,-75,-68,-65,-63,-72,-81,-67,-76
straight_03:27,straight_03,11.528209707,15.828836981,1.861370878,-75,-71,-86,-66,-73,-67,-71,-63,-74,-79,-72,-83
straight_03:28,straight_03,11.540474671,16.457078184,1.858937775,-78,-68,-77,-71,-74,-70,-68,-63,-63,-80,-71,-77
straight_03:29,straight_03,11.605382443,17.036840147,1.836664579,-73,-72,-77,-70,-77,-70,-73,-67,-70,-80,-70,-77
straight_03:30,straight_03,11.794037186,17.602586213,1.794041922,-77,-70,-80,-67,-74,-72,-70,-60,-80,-82,-77,-78
straight_03:31,straight_03,11.535763936,17.972790892,1.87883643,-80,-72,-75,-68,-78,-77,-71,-68,-76,-81,-69,-78
straight_04:0,straight_04,17.833777627,8.45758322,1.839639153,-75,-81,-77,-70,-75,-78,-70,-72,-68,-71,-66,-72
straight_04:1,straight_04,17.819657594,8.467342406,1.793315187,-78,-84,-77,-71,-79,-81,-73,-73,-72,-72,-68,-74
straight_04:2,straight_04,17.773402524,8.454237281,1.831144078,-72,-78,-73,-77,-75,-76,-70,-72,-68,-70,-65,-70
straight_04:3,straight_04,16.858788105,8.471255184,1.848659604,-78,-76,-72,-76,-74,-76,-70,-68,-65,-70,-57,-73
straight_04:4,straight_04,16.053968507,8.530102553,1.885421703,-75,-74,-76,-70,-77,-78,-71,-73,-66,-69,-54,-69
straight_04:5,straight_04,13.782078962,8.46479784,1.792659465,-68,-74,-75,-67,-75,-65,-69,-71,-67,-70,-60,-74
straight_04:6,straight_04,12.867175579,8.525728053,1.778467421,-69,-70,-73,-71,-75,-72,-75,-71,-71,-78,-60,-71
straight_04:7,straight_04,10.54127968,8.57225319,1.815220804,-63,-70,-68,-63,-79,-74,-73,-68,-60,-78,-62,-64
straight_04:8,straight_04,9.526624154,8.521090629,1.820182284,-60,-67,-69,-65,-77,-63,-78,-70,-71,-67,-61,-69
straight_04:9,straight_04,8.092010351,8.510447519,1.826477508,-59,-68,-74,-71,-71,-71,-73,-66,-67,-76,-67,-69
straight_04:10,straight_04,7.135660307,8.550627226,1.852469041,-63,-76,-64,-66,-74,-73,-81,-69,-66,-74,-68,-71
straight_04:11,straight_04,5.262832196,8.611556879,1.83669461,-60,-65,-67,-66,-69,-68,-78,-73,-69,-77,-63,-75
straight_04:12,straight_04,3.799556907,8.573,1.852558782,-63,-64,-66,-60,-67,-73,-78,-77,-72,-83,-68,-74
straight_04:13,straight_04,2.297926017,8.552537175,1.856677695,-71,-66,-60,-67,-67,-72,-84,-75,-75,-79,-67,-74
straight_04:14,straight_04,0.937867668,8.504719,1.833360889,-70,-72,-60,-72,-71,-72,-83,-77,-74,-87,-71,-71
straight_05:0,straight_05,17.937393436,8.420606564,1.868843524,-74,-75,-78,-77,-76,-74,-72,-72,-65,-71,-60,-67
straight_05:1,straight_05,17.859705531,8.489294469,1.936472344,-75,-83,-77,-75,-78,-73,-75,-72,-63,-71,-66,-77
straight_05:2,straight_05,17.872679957,8.432600213,1.860920255,-73,-74,-82,-77,-75,-78,-72,-72,-73,-72,-60,-68
straight_05:3,straight_05,17.865594384,8.423135205,1.841891576,-71,-85,-78,-80,-76,-74,-73,-71,-69,-70,-62,-73
straight_05:4,straight_05,17.782518269,8.393,1.842496346,-71,-72,-72,-74,-84,-73,-72,-75,-74,-78,-57,-75
straight_05:5,straight_05,17.443607006,8.420543851,1.815905267,-69,-73,-71,-75,-75,-76,42,-66,-74,-72,-54,-72
straight_05:6,straight_05,17.12101967,8.459600511,1.858691188,-69,-73,-76,-81,-82,-77,-70,-72,-66,-74,-51,-70
straight_05:7,straight_05,16.817701386,8.404238781,1.861096954,-68,-82,-77,-76,-77,-79,-70,-71,-66,-80,-57,-72
straight_05:8,straight_05,16.561034492,8.41793888,1.849478063,-73,-77,-74,-72,-76,-77,-71,-76,-65,-69,-57,-69
straight_05:9,straight_05,16.457255808,8.459496128,1.849124032,-75,-80,-71,-72,-76,-79,-77,-71,-70,-73,-57,-70
straight_05:10,straight_05,16.322350666,8.516387445,1.836774889,-78,-78,-74,-74,-80,-78,-74,-72,-72,-69,-58,-74
straight_05:11,straight_05,16.182712324,8.52,1.846,-69,-74,-72,-76,-78,-78,-82,-68,-70,-70,-59,-72
straight_05:12,straight_05,16.052608401,8.529,1.839,-83,-80,-71,-72,-74,-77,-74,-68,-78,-72,-59,-74
straight_05:13,straight_05,15.936640242,8.429682617,1.850301528,-77,-76,-78,-71,-82,-72,-79,-70,-70,-72,-58,-82
straight_05:14,straight_05,15.755658064,8.398594623,1.840063441,-76,-81,-71,-74,-80,-79,-76,-66,-65,-70,-52,-79
straight_05:15,straight_05,15.572120222,8.451699462,1.84064481,-79,-73,-76,-73,-83,-74,-75,-72,-65,-67,-51,-69
straight_05:16,straight_05,15.344178516,8.404464349,1.865,-70,-78,-75,-72,-73,-74,-72,-65,-64,-72,-58,-79
straight_05:17,straight_05,15.192047956,8.488850137,1.843946049,-74,-79,-75,-72,-75,-79,-68,-66,-60,-74,-51,-70
straight_05:18,straight_05,15.14627024,8.49271287,1.97154048,-71,-71,-78,-79,-76,-79,-72,-65,-65,-72,-54,-67
straight_05:19,straight_05,14.944545797,8.289271017,1.933807587,-69,-77,-72,-71,-79,-75,-66,-66,-64,-70,-52,-71
straight_05:20,straight_05,14.800452815,8.36229493,1.921641555,-71,-75,-73,-72,-83,-68,-70,-67,-64,-73,-51,-70
straight_05:21,straight_05,14.643213333,8.555093339,1.976013328,-71,-74,-76,-69,-76,-76,-70,-66,-61,-71,-51,-66
straight_05:22,straight_05,14.412280765,8.256136052,1.945863948,-70,-75,-73,-72,-81,-69,-71,-70,-63,-76,-62,-67
straight_05:23,straight_05,14.181794221,7.984244176,1.868511649,-66,-73,-72,-76,-78,-80,-72,-74,-64,-70,-59,-77
straight_05:24,straight_05,14.016276022,8.44980793,1.802364002,-71,-80,-78,-75,-80,-69,-69,-71,-66,-66,-60,-65
straight_05:25,straight_05,13.974149578,8.527933521,1.81296676,-67,-72,-69,-71,-76,-67,-69,-74,-74,-67,-63,-66
straight_05:26,straight_05,13.874583456,8.487583456,1.792972426,-67,-80,-69,-71,-85,-78,-68,-72,-65,-66,-60,-71
straight_05:27,straight_05,13.818207972,8.476796457,1.766796457,-67,-68,-74,-71,-77,-77,-72,-71,-61,-66,-65,-67
straight_05:28,straight_05,13.726958241,8.496097438,1.757,-66,-67,-71,-70,-72,-69,-73,-70,-68,-69,-64,-69
straight_05:29,straight_05,13.608235631,8.500882405,1.750529179,-68,-78,-71,-71,-73,-68,-72,-72,-65,-66,-63,-66
straight_05:30,straight_05,13.479685977,8.520850779,1.761701558,-66,-70,-75,-69,-75,-68,-71,-76,-72,-67,-66,-72
straight_05:31,straight_05,13.398704581,8.546706161,1.754235387,-73,-72,-74,-69,-76,-68,-70,-78,-74,-73,-72,-70
straight_05:32,straight_05,13.227945464,8.518555985,1.745777992,-69,-73,-70,-68,-74,-75,-75,-73,-64,-74,-65,-76
straight_05:33,straight_05,13.119480534,8.490620134,1.753038932,-72,-75,-79,-70,-78,-71,-77,-69,-69,-71,-65,-78
straight_05:34,straight_05,13.007,8.52037305,1.746036271,-72,-71,-70,-73,-72,-71,-73,-74,-70,-70,-66,-79
straight_05:35,straight_05,12.852193033,8.521093579,1.749362568,-70,-73,-71,-71,-80,-74,-74,-72,-65,-72,-57,-72
straight_05:36,straight_05,12.81276356,8.55652712,1.77564534,-73,-76,-75,-70,-78,-68,-77,-74,-67,-73,-64,-76
straight_05:37,straight_05,12.755211231,8.559369654,1.895577538,-68,-72,-66,-76,-75,-82,-71,-74,-65,-71,-59,-73
straight_05:38,straight_05,12.721122727,8.510031016,1.947661497,-67,-73,-70,-70,-74,-71,-72,-77,-69,-75,-61,-80
straight_05:39,straight_05,12.485819036,8.533419777,1.842259332,-67,-71,-70,-69,-74,-70,-72,-73,-71,-70,-59,-69
straight_05:40,straight_05,12.326044162,8.529808832,1.826,-68,-75,-69,-72,-78,-68,-76,-71,-68,-71,-58,-72
straight_05:41,straight_05,12.097835847,8.523983706,1.823196741,-70,-71,-69,-67,-79,-71,-75,-73,-72,-72,-59,-69
straight_05:42,straight_05,11.94823851,8.524076149,1.814456894,-67,-70,-75,-68,-74,-68,-80,-71,-71,-70,-73,-76
straight_05:43,straight_05,11.776337672,8.555,1.801207798,-67,-69,-69,-68,-77,-72,-76,-70,-67,-69,-62,-67
straight_05:44,straight_05,11.631609112,8.569101519,1.821949241,-68,-74,-75,-69,-72,-76,-76,-66,-70,-70,-67,-68
straight_05:45,straight_05,11.492045012,8.549743641,1.82055773,-62,-69,-73,-68,-75,-75,-73,-67,-73,-73,-70,-75
straight_05:46,straight_05,11.219189585,8.551074349,1.818074349,-63,-71,-71,-66,-74,-69,-80,-66,-65,-77,-62,-63
straight_05:47,straight_05,11.040848793,8.556142215,1.815,-66,-70,-75,-71,-72,-75,-79,-71,-71,-74,-59,-71
straight_05:48,straight_05,10.88065502,8.53578166,1.82621834,-66,-68,-76,-69,-73,-73,-72,-72,-70,-78,-58,-69
straight_05:49,straight_05,10.712021935,8.536326022,1.825334796,-67,-69,-68,-71,-72,-78,-72,-72,-65,-79,-61,-66
straight_05:50,straight_05,10.501050407,8.545389919,1.817870027,-63,-74,-71,-68,-72,-68,-72,-66,-65,-72,-63,-75
straight_05:51,straight_05,10.384479434,8.549,1.815654965,-63,-70,-71,-66,-75,-73,-72,-68,-62,-70,-69,-71
straight_05:52,straight_05,10.226148972,8.544325099,1.825911937,-65,-71,-70,-68,-77,-73,-77,-71,-61,-75,-60,-69
straight_05:53,straight_05,10.028197293,8.566319729,1.840639459,-62,-68,-69,-66,-71,-69,-73,-65,-68,-72,-62,-67
straight_05:54,straight_05,9.829133503,8.564459278,1.818229639,-61,-71,-73,-62,-75,-66,-77,-66,-69,-72,-62,-68
straight_05:55,straight_05,9.692838719,8.576034947,1.81989516,-59,-77,-73,-64,-76,-80,-73,-66,-72,-74,-66,-74
straight_05:56,straight_05,9.461396932,8.560077607,1.835155215,-63,-66,-73,-67,-71,-74,-72,-63,-69,-80,-69,-76
straight_05:57,straight_05,9.327635668,8.580415564,1.818671725,-63,-71,-70,-65,-75,-68,-76,-67,-73,-67,-63,-71
straight_05:58,straight_05,9.116691771,8.46571615,1.783547671,-60,-72,-70,-66,-73,-74,-78,-64,-67,-70,-66,-73
straight_05:59,straight_05,9.030126698,8.502638512,1.818957767,-63,-68,-71,-65,-78,-73,-85,-69,-67,-72,-62,-71
straight_05:60,straight_05,8.864140672,8.511928389,1.834,-59,-68,-71,-65,-73,-66,-76,-65,-70,-69,-66,-71
straight_05:61,straight_05,8.770769872,8.503,1.836019351,-60,-67,-68,-65,-79,-73,-76,-69,-66,-79,-68,-69
straight_05:62,straight_05,8.663492829,8.513038275,1.83678469,-58,-69,-73,-69,-74,-63,-74,-68,-69,-78,-65,-80
straight_05:63,straight_05,8.416799389,8.522215338,1.831861351,-65,-65,-68,-62,-69,-68,29,-67,-66,-78,-61,-70
straight_05:64,straight_05,8.259244769,8.512966788,1.841,-62,-67,-72,-65,-77,-68,-78,-69,-75,-72,-64,-71
straight_05:65,straight_05,8.149192248,8.493556382,1.831158966,-64,-71,-70,-68,-74,-73,-77,-73,-71,-79,-70,-72
straight_05:66,straight_05,7.987107251,8.494247912,1.834752088,-66,-68,-72,-71,-72,-72,-80,-72,-71,-81,-70,-71
straight_05:67,straight_05,7.814287166,8.504991344,1.838339104,-64,-68,-72,-67,-71,-73,-81,-68,-67,-74,-65,-69
straight_05:68,straight_05,7.596282906,8.491387381,1.843942333,-61,-65,-71,-67,-71,-77,-84,-69,-67,-73,-63,-69
straight_05:69,straight_05,7.337400873,8.497100062,1.851,-60,-65,-76,-62,-69,-75,-77,-67,-69,-74,-65,-71
straight_05:70,straight_05,7.223071903,8.507774762,1.841324285,-66,-68,-66,-68,-76,-71,-79,-65,-70,-70,-64,-76
straight_05:71,straight_05,6.976550992,8.509264333,1.837678335,-61,-75,-68,-63,-74,-72,-81,-72,-67,-81,-74,-71
straight_05:72,straight_05,6.839201592,8.492973121,1.828147834,-69,-74,-66,-63,-83,-75,-76,-68,-71,-78,-68,-71
straight_05:73,straight_05,6.626109707,8.505013713,1.84747943,-57,-74,-64,-68,-78,-76,-76,-82,-69,-71,-63,-72
straight_05:74,straight_05,6.602645562,8.659482618,1.871387648,-62,-69,-68,-66,-72,-73,-77,-66,-70,-74,-68,-72
straight_05:75,straight_05,6.455070158,8.694665576,1.850401309,-65,-63,-68,-61,-73,-73,-85,-68,-69,-72,-68,-80
straight_05:76,straight_05,6.26292615,8.639339991,1.885123084,-61,-69,-70,-61,-75,-70,-79,-68,-69,-80,-68,-76
straight_05:77,straight_05,6.126912174,8.591968841,1.860606232,-67,-67,-71,-66,-69,-77,-83,-68,-70,-75,-68,-70
straight_05:78,straight_05,5.959431379,8.628271569,1.856814707,-60,-73,-66,-62,-72,-71,-87,-72,-70,-75,-67,-73
straight_05:79,straight_05,5.614002098,8.650546599,1.862635601,-63,-58,-67,-58,-69,-72,-80,-70,-71,-78,-63,-74
straight_05:80,straight_05,5.447465142,8.650696381,1.868125333,-65,-71,-62,-59,-64,-66,-89,-65,-69,-78,-67,-74
straight_05:81,straight_05,5.307916237,8.672781411,1.862392236,-65,-66,-72,-67,-67,-64,-86,-68,-73,-82,-65,-73
straight_05:82,straight_05,5.065305295,8.674977093,1.85646564,-61,-67,-67,-65,-64,-70,-84,-68,-72,-77,-64,-81
straight_05:83,straight_05,4.74984074,8.621556754,1.841318082,-60,-64,-62,-68,-63,-65,-78,-69,-74,-77,-66,-75
straight_05:84,straight_05,4.469076926,8.59823076,1.80076924,-63,-63,-65,-67,-65,-67,-80,-71,-76,-78,-65,-78
straight_05:85,straight_05,4.316878579,8.647542948,1.863607105,-63,-64,-61,-64,-69,-73,-74,-70,-76,-77,-69,-75
straight_05:86,straight_05,4.144538293,8.542674465,1.842621276,-63,-65,-66,-63,-69,-74,-79,-72,-76,-81,-66,-80
straight_05:87,straight_05,3.920171089,8.571960518,1.83900658,-65,-64,-76,-64,-68,-77,-77,-78,-72,-79,-69,-78
straight_05:88,straight_05,3.636211616,7.954837957,1.891282806,-67,-61,-66,-60,-72,-75,-77,-71,-71,-81,-65,-84
straight_05:89,straight_05,3.444057473,8.24734482,1.762965515,-67,-64,-68,-60,-75,-80,-77,-75,-78,-81,-74,-71
straight_05:90,straight_05,3.329935818,8.520016046,1.833,-69,-65,-62,-58,-71,-76,-85,-75,-72,-77,-62,-77
straight_05:91,straight_05,3.184051375,8.535064868,1.839532434,-69,-63,-65,-59,-68,-70,-83,-73,-74,-88,-66,-85
straight_05:92,straight_05,2.917056267,8.509996483,1.841992967,-69,-65,-62,-68,-68,-69,-80,-73,-74,-81,-67,-78
straight_05:93,straight_05,2.675420387,8.507476645,1.837093419,-70,-65,-62,-65,-67,-77,-79,-76,-76,-83,-71,-71
straight_05:94,straight_05,2.495742034,8.511736231,1.819736231,-64,-67,-64,-65,-68,-77,-88,-71,-70,-75,-67,-80
straight_05:95,straight_05,2.302083533,8.514706193,1.847552569,-72,-69,-62,-65,-71,-69,-81,-74,-74,-83,-66,-75
straight_05:96,straight_05,2.069745039,8.495338244,1.853,-75,-65,-63,-66,-75,-68,-82,-73,-73,-77,-64,-73
straight_05:97,straight_05,1.773479845,8.500905837,1.850237665,-69,-67,-64,-69,-73,-68,-82,-75,-74,-80,-65,-71
straight_05:98,straight_05,1.654701865,8.487272947,1.851116977,-68,-71,-62,-75,-71,-65,-84,-76,-73,-76,-66,-75
straight_05:99,straight_05,1.459456537,8.482350934,1.833649066,-68,-66,-61,-71,-67,-66,-82,-77,-69,-76,-67,-73
straight_05:100,straight_05,1.161664151,8.487445283,1.82747655,-70,-68,-65,-70,-73,-69,-79,-74,-71,-82,-71,-71
straight_05:101,straight_05,0.953717002,8.484618444,1.828618444,-69,-69,-63,-68,-69,-69,-81,-78,-75,-81,-70,-72
straight_05:102,straight_05,0.7198095,8.476583974,1.842416026,-71,-70,-62,-70,-72,-72,-86,-74,-68,-81,-68,-72
straight_05:103,straight_05,0.466865735,8.510977622,1.865466434,-71,-68,-59,-65,-69,-73,-84,-74,-71,-83,-69,-78
straight_05:104,straight_05,0.234639038,8.500879679,1.845551872,-67,-70,-58,-71,-67,-71,-90,-71,-80,-81,-67,-72
zigzagging_with_rotation:0,zigzagging_with_rotation,17.833043227,4.416265996,1.807021614,-82,-73,-77,-78,-83,-74,-81,-81,-85,-71,-63,-67
zigzagging_with_rotation:1,zigzagging_with_rotation,17.903003011,4.201494481,1.824997993,-76,-74,-74,-79,-77,-74,-81,-79,-77,-71,-73,-68
zigzagging_with_rotation:2,zigzagging_with_rotation,17.9086394,4.1636394,1.842213133,-79,-72,-71,-79,-79,-75,-77,-77,-83,-71,-63,-66
zigzagging_with_rotation:3,zigzagging_with_rotation,17.731093665,4.186992195,1.813320324,-77,-72,-73,-75,-78,-79,-75,-70,-76,-68,-63,-68
zigzagging_with_rotation:4,zigzagging_with_rotation,17.272369565,4.171,1.834627508,-74,-75,-74,-76,-80,-82,-79,-74,-72,-70,-66,-66
zigzagging_with_rotation:5,zigzagging_with_rotation,16.694202905,4.151228779,1.837,-74,-73,-70,-82,-80,-76,-73,-75,-72,-71,-59,-68
zigzagging_with_rotation:6,zigzagging_with_rotation,15.887587595,4.138048518,1.835008086,-77,-73,-68,-74,-79,-77,-74,-69,-73,-69,-57,-68
zigzagging_with_rotation:7,zigzagging_with_rotation,15.110996944,4.095862625,1.803156563,-70,-72,-77,-78,-79,-74,-81,-73,-72,-71,-57,-66
zigzagging_with_rotation:8,zigzagging_with_rotation,14.744126524,4.076338019,1.770183068,-70,-73,-75,-79,-77,-80,-74,-80,-70,-63,-63,-66
zigzagging_with_rotation:9,zigzagging_with_rotation,13.92438035,4.136433374,1.738905562,-68,-77,-74,-79,-75,-76,-71,-71,-68,-57,-61,-62
zigzagging_with_rotation:10,zigzagging_with_rotation,13.340461259,4.090523636,1.761531189,-70,-73,-69,-76,-80,-80,-83,-73,-69,-57,-58,-61
zigzagging_with_rotation:11,zigzagging_with_rotation,12.749802607,4.039635334,1.7409906,-67,-70,-75,-78,-79,-78,-78,-75,-69,-54,-66,-64
zigzagging_with_rotation:12,zigzagging_with_rotation,12.220013645,4.07895809,1.77295809,-70,-68,-74,-74,-75,-77,-77,-77,-73,-54,-60,-62
zigzagging_with_rotation:13,zigzagging_with_rotation,11.8957606,4.102774654,1.794549309,-74,-72,-75,-75,-79,-80,-75,-81,-75,-53,-70,-69
zigzagging_with_rotation:14,zigzagging_with_rotation,11.834111377,4.102,1.795133174,-78,-79,-74,-78,-75,-82,-78,-80,-74,-57,-63,-68
zigzagging_with_rotation:15,zigzagging_with_rotation,11.828800499,4.199800499,1.826267387,-79,-67,-69,-74,-76,-79,-78,-77,-75,-54,-68,-67
zigzagging_with_rotation:16,zigzagging_with_rotation,11.75475773,4.401452751,1.852873712,-67,-68,-72,-71,-77,-74,-82,-72,-75,-59,-66,-65
zigzagging_with_rotation:17,zigzagging_with_rotation,11.663806063,4.465255097,1.82423471,-75,-65,-80,-70,-86,-76,-83,-81,-81,-59,-69,-64
zigzagging_with_rotation:18,zigzagging_with_rotation,11.62494085,4.466,1.835970425,-68,-75,-73,-70,-79,-77,-79,-73,-75,-63,-66,-65
zigzagging_with_rotation:19,zigzagging_with_rotation,11.64768208,4.656375725,1.832369943,-70,-67,-74,-75,-78,-79,-81,-72,-80,-57,-71,-64
zigzagging_with_rotation:20,zigzagging_with_rotation,11.592208688,4.896041437,1.783416875,-68,-67,-81,-71,-80,-78,-80,-74,-77,-56,-70,-65
zigzagging_with_rotation:21,zigzagging_with_rotation,11.494,5.13035193,1.75405633,-66,-64,-75,-70,-73,-70,-78,-75,-74,-62,-73,-68
zigzagging_with_rotation:22,zigzagging_with_rotation,11.452571124,5.60373358,1.763670035,-70,-74,-70,-72,-77,-80,-74,-74,-77,-65,-71,-62
zigzagging_with_rotation:23,zigzagging_with_rotation,11.472137516,5.962477384,1.790465621,-69,-65,-72,-73,-75,-71,-81,-75,-74,-71,-68,-64
zigzagging_with_rotation:24,zigzagging_with_rotation,11.617779676,6.496126025,1.780111382,-65,-66,-78,-73,-75,-71,-74,-74,-73,-73,-65,-63
zigzagging_with_rotation:25,zigzagging_with_rotation,11.648238373,7.110234879,1.808047675,-69,-68,-71,-70,-78,-73,-77,-76,-74,-71,-64,-77
zigzagging_with_rotation:26,zigzagging_with_rotation,11.648124323,7.745037885,1.820875677,-67,-68,-72,-64,-80,-73,-78,-74,-75,-77,-67,-67
zigzagging_with_rotation:27,zigzagging_with_rotation,11.653,8.138161193,1.822538046,-70,-69,-71,-67,-77,-71,-80,-69,-67,-72,-58,-71
zigzagging_with_rotation:28,zigzagging_with_rotation,11.66,8.540751447,1.815083494,-72,-69,-71,-71,-76,-67,-79,-74,-71,-71,-66,-73
zigzagging_with_rotation:29,zigzagging_with_rotation,11.65756458,8.65612916,1.816,-67,-68,-70,-70,-84,-72,-74,-70,-75,-70,-67,-78
zigzagging_with_rotation:30,zigzagging_with_rotation,11.741291142,8.614708858,1.813825315,-64,-72,-74,-67,-72,-67,-76,-76,-69,-76,-65,-71
zigzagging_with_rotation:31,zigzagging_with_rotation,11.773063184,8.556094776,1.813189553,-80,-74,-78,-67,-78,-75,-71,-70,-68,-76,-64,-77
zigzagging_with_rotation:32,zigzagging_with_rotation,11.770602449,8.546931701,1.813630477,-64,-72,-74,-71,-77,-67,-71,-76,-69,-82,-63,-67
zigzagging_with_rotation:33,zigzagging_with_rotation,11.377509485,8.53877359,1.801806603,-64,-68,-70,-66,-72,-73,-72,-71,-70,-69,-69,-65
zigzagging_with_rotation:34,zigzagging_with_rotation,11.016238912,8.571165665,1.806110444,-63,-69,-72,-66,-75,-72,-75,-66,-67,-72,-61,-71
zigzagging_with_rotation:35,zigzagging_with_rotation,10.179729085,8.628214958,1.818809972,-61,-71,-69,-64,-77,-67,-76,-69,-63,-71,-62,-79
zigzagging_with_rotation:36,zigzagging_with_rotation,9.381007197,8.602091127,1.835545564,-62,-71,-75,-69,-78,-68,-77,-65,-72,-71,-66,-77
zigzagging_with_rotation:37,zigzagging_with_rotation,8.918518561,8.562270796,1.839458408,-60,-68,-70,-66,-76,-63,-71,-66,-70,-73,-65,-74
zigzagging_with_rotation:38,zigzagging_with_rotation,7.988209457,8.52201401,1.829811208,-60,-70,-68,-65,-75,-70,-75,-65,-66,-73,-65,-72
zigzagging_with_rotation:39,zigzagging_with_rotation,7.532460456,8.50924372,1.83975628,-60,-67,-70,-67,-76,-78,-83,-71,-71,-73,-63,-69
zigzagging_with_rotation:40,zigzagging_with_rotation,7.082909929,8.49219764,1.834917797,-69,-81,-69,-64,-74,-74,-79,-65,-71,-74,-63,-69
zigzagging_with_rotation:41,zigzagging_with_rotation,6.539803054,8.550839389,1.818357557,-63,-70,-68,-61,-77,-77,-75,-69,-69,-75,-67,-77
zigzagging_with_rotation:42,zigzagging_with_rotation,6.047168956,8.655043016,1.869403991,-59,-70,-71,-65,-74,-68,-79,-68,-70,-78,-69,-71
zigzagging_with_rotation:43,zigzagging_with_rotation,5.961062612,8.645062612,1.852125225,-60,-68,-71,-65,-67,-84,-84,-68,-73,-92,-68,-74
zigzagging_with_rotation:44,zigzagging_with_rotation,6.005327629,8.696444988,1.902667482,-59,-72,-67,-66,-72,-84,-81,-69,-68,-75,-68,-70
zigzagging_with_rotation:45,zigzagging_with_rotation,5.8454327,8.655837914,1.854837914,-56,-68,-63,-66,-77,-80,-89,-75,-72,-75,-71,-69
zigzagging_with_rotation:46,zigzagging_with_rotation,5.761249956,8.689999122,1.823750044,-56,-69,-63,-67,-71,-73,-81,-71,-72,-78,-63,-69
zigzagging_with_rotation:47,zigzagging_with_rotation,5.785,8.999219088,1.848180477,-61,-69,-67,-64,-68,-67,-87,-74,-75,-73,-69,-66
zigzagging_with_rotation:48,zigzagging_with_rotation,5.775487251,9.331099224,1.847487251,-63,-74,-67,-64,-75,-71,-80,-75,-76,-70,-63,-64
zigzagging_with_rotation:49,zigzagging_with_rotation,5.738672386,10.139734804,1.825065523,-61,-71,-70,-58,-73,-73,-77,-77,-72,-78,-68,-69
zigzagging_with_rotation:50,zigzagging_with_rotation,5.475633234,10.95408564,1.511540843,-64,-69,-68,-57,-75,-66,-83,-77,-77,-81,-63,-69
zigzagging_with_rotation:51,zigzagging_with_rotation,5.657881905,11.600151238,1.698939682,-68,-70,-65,-62,-69,-65,-84,-75,-75,-72,-63,-69
zigzagging_with_rotation:52,zigzagging_with_rotation,5.486819166,12.20098992,1.757174364,-67,-73,-66,-70,-73,-67,-75,-71,-81,-78,-74,-75
zigzagging_with_rotation:53,zigzagging_with_rotation,5.640867975,12.807516669,1.740304248,-69,-75,-64,-70,-67,-68,-74,-71,-72,-80,-66,-74
zigzagging_with_rotation:54,zigzagging_with_rotation,5.672579953,13.265471918,1.819076054,-71,-80,-69,-71,-66,-65,-83,-71,-72,-87,-62,-70
zigzagging_with_rotation:55,zigzagging_with_rotation,5.66798166,13.394819708,1.860477463,-71,-78,-65,-69,-65,-68,-80,-70,-72,-75,-62,-71
zigzagging_with_rotation:56,zigzagging_with_rotation,5.768639732,13.454819866,1.803360268,-70,-77,-70,-68,-65,-65,-86,-71,-72,-79,-62,-72
zigzagging_with_rotation:57,zigzagging_with_rotation,5.820223541,13.285717605,1.816494063,-68,-71,-74,-73,-66,-75,-78,-71,-73,-82,-65,-79
zigzagging_with_rotation:58,zigzagging_with_rotation,5.851155478,13.361496464,1.851533566,-79,-80,-70,-76,-69,-65,-76,-70,-71,-83,-65,-74
zigzagging_with_rotation:59,zigzagging_with_rotation,5.859746713,13.452303459,1.917379931,-69,-72,-69,-72,-68,-65,-81,-71,-72,-85,-71,-74
zigzagging_with_rotation:60,zigzagging_with_rotation,5.58496901,13.395129201,1.864354867,-69,-73,-69,-70,-69,-63,-78,-63,-71,-85,-65,-75
zigzagging_with_rotation:61,zigzagging_with_rotation,5.023869603,13.3457764,1.8548882,-69,-71,-65,-72,-65,-61,-75,-69,-69,-78,-74,-72
zigzagging_with_rotation:62,zigzagging_with_rotation,4.426990755,13.316526768,1.847508923,-66,-65,-68,-71,-73,-71,-80,-66,-74,-89,-71,-82
zigzagging_with_rotation:63,zigzagging_with_rotation,3.827267056,13.326261362,1.814590911,-73,-70,-70,-76,-61,-64,-76,-72,-72,-77,-76,-78
zigzagging_with_rotation:64,zigzagging_with_rotation,3.443799228,13.362,1.808255541,-72,-73,-69,-76,-63,-61,-76,-75,-72,-82,-71,-78
zigzagging_with_rotation:65,zigzagging_with_rotation,2.390007474,13.328388474,1.797630737,-69,-74,-71,-71,-61,-62,-73,-69,-70,-78,-71,-74
zigzagging_with_rotation:66,zigzagging_with_rotation,1.901311756,13.385977732,1.788363024,-72,-75,-73,-76,-65,-62,-74,-70,-77,-79,-70,-74
zigzagging_with_rotation:67,zigzagging_with_rotation,1.346774666,13.393660214,1.778253524,-71,-68,-68,-76,-60,-63,-79,-73,-73,-85,-66,-79
zigzagging_with_rotation:68,zigzagging_with_rotation,0.787235741,13.456490848,1.781919268,-74,-72,-76,-79,-60,-63,-83,-79,-72,-82,-71,-74
zigzagging_with_rotation:69,zigzagging_with_rotation,0.458395433,13.646068498,1.85390685,-72,-71,-75,-76,-56,-58,-90,-73,-77,-86,-70,-75
zigzagging_without_rotation:0,zigzagging_without_rotation,17.953161855,4.340762908,1.729618546,-88,-76,-73,-80,-84,-82,-78,-80,-84,-77,-62,-70
zigzagging_without_rotation:1,zigzagging_without_rotation,17.205918681,4.159176274,1.842725425,-72,-72,-77,-74,-82,-79,-79,-77,-74,-70,-61,-66
zigzagging_without_rotation:2,zigzagging_without_rotation,16.70952948,4.151,1.839522062,-72,-72,-71,-72,-84,-76,-70,-77,-74,-67,-60,-75
zigzagging_without_rotation:3,zigzagging_without_rotation,16.384734919,4.147,1.838447506,-72,-70,-78,-86,-79,-74,-79,-72,-73,-70,-60,-64
zigzagging_without_rotation:4,zigzagging_without_rotation,15.555186759,4.128171824,1.805828176,-74,-69,-71,-77,-83,-76,-74,-69,-68,-71,-61,-66
zigzagging_without_rotation:5,zigzagging_without_rotation,15.061468838,4.094998615,1.788497923,-71,-72,-72,-81,-80,-76,-79,-67,-72,-66,-57,-66
zigzagging_without_rotation:6,zigzagging_without_rotation,14.207624401,4.1357868,1.7472132,-69,-78,-78,-83,-74,-78,-70,-73,-66,-65,-54,-63
zigzagging_without_rotation:7,zigzagging_without_rotation,13.655894348,4.156857639,1.74540873,-70,-73,-75,-78,-78,-71,-76,-72,-69,-59,-64,-66
zigzagging_without_rotation:8,zigzagging_without_rotation,12.900625456,4.253714886,1.835902159,-71,-70,-70,-76,-76,-76,-79,-74,-71,-55,-61,-64
zigzagging_without_rotation:9,zigzagging_without_rotation,12.252534289,4.152,1.772784928,-70,-70,-72,-76,-74,-75,-86,-75,-68,-55,-56,-61
zigzagging_without_rotation:10,zigzagging_without_rotation,11.99698226,4.171802766,1.802852074,-71,-73,-78,-77,-80,-77,-81,-76,-73,-57,-64,-66
zigzagging_without_rotation:11,zigzagging_without_rotation,11.820022856,4.151986287,1.802484001,-73,-68,-71,-72,-79,-75,-79,-70,-81,-56,-66,-67
zigzagging_without_rotation:12,zigzagging_without_rotation,11.783162686,4.173026306,1.802188993,-74,-76,-72,-82,-83,-75,-79,-78,-78,-54,-71,-67
zigzagging_without_rotation:13,zigzagging_without_rotation,11.759033571,4.203813428,1.826033571,-73,-68,-71,-73,-80,-72,-79,-70,-78,-54,-63,-65
zigzagging_without_rotation:14,zigzagging_without_rotation,11.75,4.204138291,1.815748436,-72,-68,-69,-73,-81,-75,-79,-74,-78,-55,-62,-65
zigzagging_without_rotation:15,zigzagging_without_rotation,11.746777662,4.387887789,1.817222078,-70,-72,-70,-74,-79,-71,-84,-77,-77,-56,-68,-66
zigzagging_without_rotation:16,zigzagging_without_rotation,11.711,4.881747401,1.810069589,-70,-68,-74,-81,-74,-78,-80,-78,-74,-54,-65,-64
zigzagging_without_rotation:17,zigzagging_without_rotation,11.707322412,5.323913499,1.848107471,-65,-69,-72,-70,-77,-74,-78,-72,-71,-56,-69,-62
zigzagging_without_rotation:18,zigzagging_without_rotation,11.701088945,6.105075602,1.808455527,-66,-72,-74,-71,-75,-72,-73,-69,-69,-69,-71,-62
zigzagging_without_rotation:19,zigzagging_without_rotation,11.696368886,6.694550934,1.818844428,-66,-67,-73,-71,-78,-69,-76,-74,-64,-69,-60,-61
zigzagging_without_rotation:20,zigzagging_without_rotation,11.697955803,7.135470234,1.847352977,-67,-76,-73,-68,-76,-73,-76,-72,-69,-76,-65,-69
zigzagging_without_rotation:21,zigzagging_without_rotation,11.764747491,7.648454832,1.826252509,-64,-75,-78,-70,-72,-74,-73,-74,-66,-75,-62,-71
zigzagging_without_rotation:22,zigzagging_without_rotation,11.761140183,8.019411415,1.824579452,-70,-67,-77,-65,-75,-72,-79,-73,-70,-74,-61,-74
zigzagging_without_rotation:23,zigzagging_without_rotation,11.764,8.433148142,1.81867196,-68,-74,-73,-66,-76,-66,-73,-71,-78,-73,-61,-69
zigzagging_without_rotation:24,zigzagging_without_rotation,11.767,8.537731544,1.815,-64,-72,-71,-66,-75,-77,-74,-68,-68,-74,-62,-73
zigzagging_without_rotation:25,zigzagging_without_rotation,11.764,8.552527547,1.819,-66,-71,-83,-68,-74,-74,-74,-71,-84,-82,-63,-75
zigzagging_without_rotation:26,zigzagging_without_rotation,11.76360821,8.560548505,1.811686568,-65,-70,-70,-66,-78,-74,-72,-67,-68,-71,-62,-75
zigzagging_without_rotation:27,zigzagging_without_rotation,11.573107341,8.576152124,1.808608495,-67,-74,-75,-71,-81,-71,-77,-67,-67,-72,-64,-80
zigzagging_without_rotation:28,zigzagging_without_rotation,11.31490497,8.556839042,1.81914512,-67,-68,-71,-65,-75,-67,-75,-70,-71,-73,-66,-65
zigzagging_without_rotation:29,zigzagging_without_rotation,10.821006588,8.545863318,1.821,-64,-67,-69,-67,-74,-71,-75,-69,-66,-70,-63,-65
zigzagging_without_rotation:30,zigzagging_without_rotation,10.20008107,8.586043075,1.82208615,-58,-66,-77,-70,-75,-70,-71,-69,-62,-78,-63,-72
zigzagging_without_rotation:31,zigzagging_without_rotation,9.503253375,8.56,1.826617936,-62,-73,-69,-67,-69,-70,-75,-67,-66,-73,-65,-72
zigzagging_without_rotation:32,zigzagging_without_rotation,8.918952526,8.554742499,1.831742499,-61,-68,-69,-69,-75,-66,-75,-70,-67,-72,-62,-70
zigzagging_without_rotation:33,zigzagging_without_rotation,8.082585947,8.559580729,1.832419271,-60,-71,-73,-66,-75,-63,-74,-70,-70,-75,-68,-74
zigzagging_without_rotation:34,zigzagging_without_rotation,7.215180288,8.540725837,1.839945167,-57,-69,-69,-62,-70,-72,-82,-76,-68,-74,-67,-72
zigzagging_without_rotation:35,zigzagging_without_rotation,6.726692543,8.595038203,1.82994239,-60,-74,-70,-63,-73,-69,-75,-70,-72,-73,-66,-73
zigzagging_without_rotation:36,zigzagging_without_rotation,6.39922839,8.636444885,1.82188977,-64,-70,-67,-64,-72,-78,-75,-71,-66,-78,-68,-74
zigzagging_without_rotation:37,zigzagging_without_rotation,6.004015601,8.68053986,1.86565078,-60,-69,-69,-64,-69,-76,-82,-67,-69,-85,-66,-72
zigzagging_without_rotation:38,zigzagging_without_rotation,5.95554066,8.718141758,1.863682418,-61,-71,-74,-61,-69,-74,-85,-67,-71,-81,-69,-72
zigzagging_without_rotation:39,zigzagging_without_rotation,5.910759377,8.724116561,1.856627813,-68,-76,-72,-68,-69,-75,-82,-67,-70,-83,-65,-70
zigzagging_without_rotation:40,zigzagging_without_rotation,5.911105715,8.712814999,1.851513214,-61,-70,-76,-60,-69,-75,-85,-80,-71,-83,-69,-71
zigzagging_without_rotation:41,zigzagging_without_rotation,5.906731647,9.024433478,1.863059634,-68,-68,-66,-65,-70,-73,-77,-69,-67,-73,-69,-78
zigzagging_without_rotation:42,zigzagging_without_rotation,5.975668026,9.458767327,1.891,-63,-68,-69,-65,-79,-67,-81,-70,-72,-78,-65,-72
zigzagging_without_rotation:43,zigzagging_without_rotation,6.010903798,9.994931818,1.89061924,-66,-71,-65,-60,-71,-65,-73,-68,-64,-71,-64,-74
zigzagging_without_rotation:44,zigzagging_without_rotation,5.884523053,10.789408172,1.810653817,-66,-70,-71,-55,-70,-63,-81,-73,-74,-75,-68,-70
zigzagging_without_rotation:45,zigzagging_without_rotation,5.827023818,11.579605798,1.839047636,-65,-74,-71,-59,-70,-62,-77,-77,-71,-80,-68,-74
zigzagging_without_rotation:46,zigzagging_without_rotation,5.889336516,12.348257765,1.757556086,-69,-72,-68,-71,-70,-67,-77,-67,-77,-80,-71,-76
zigzagging_without_rotation:47,zigzagging_without_rotation,5.885214034,12.85086672,1.888571933,-79,-74,-71,-68,-72,-64,-77,-67,-72,-79,-65,-75
zigzagging_without_rotation:48,zigzagging_without_rotation,5.867252062,13.226263061,1.869756187,-80,-73,-69,-74,-69,-64,-76,-70,-73,-83,-72,-74
zigzagging_without_rotation:49,zigzagging_without_rotation,5.872891023,13.459356218,1.839049448,-69,-77,-70,-72,-68,-65,-81,-69,-72,-86,-66,-78
zigzagging_without_rotation:50,zigzagging_without_rotation,5.847213333,13.426168485,1.765808484,-76,-71,-70,-70,-70,-66,-74,-69,-72,-84,-65,-75
zigzagging_without_rotation:51,zigzagging_without_rotation,5.799505142,13.388892422,1.823064547,-69,-81,-68,-80,-66,-67,-71,-65,-75,-81,-70,-77
zigzagging_without_rotation:52,zigzagging_without_rotation,5.078810973,13.34883591,1.85867182,-68,-76,-73,-72,-68,-60,-75,-65,-69,-80,-69,-73
zigzagging_without_rotation:53,zigzagging_without_rotation,4.448600871,13.336019701,1.844980299,-67,-72,-74,-69,-65,-60,-75,-65,-73,-78,-72,-74
zigzagging_without_rotation:54,zigzagging_without_rotation,4.036823673,13.325669686,1.845,-74,-74,-71,-76,-67,-66,-77,-70,-74,-81,-73,-75
zigzagging_without_rotation:55,zigzagging_without_rotation,3.523121812,13.351258221,1.808450671,-70,-69,-67,-72,-61,-66,-76,-73,-73,-76,-75,-75
zigzagging_without_rotation:56,zigzagging_without_rotation,3.188073864,13.352159355,1.803739033,-71,-75,-68,-89,-62,-60,-73,-69,-75,-87,-78,-77
zigzagging_without_rotation:57,zigzagging_without_rotation,2.644249473,13.32361156,1.796343816,-70,-77,-68,-71,-65,-61,-80,-71,-70,-85,-72,-74
zigzagging_without_rotation:58,zigzagging_without_rotation,2.103033036,13.315210657,1.816964476,-73,-72,-73,-75,-71,-62,-74,-69,-80,-82,-77,-73
zigzagging_without_rotation:59,zigzagging_without_rotation,1.750261075,13.30372977,1.793633589,-70,-68,-72,-71,-69,-63,-76,-68,-76,-79,-68,-78
zigzagging_without_rotation:60,zigzagging_without_rotation,1.229286817,13.343349421,1.766464148,-71,-72,-68,-74,-64,-65,-77,-74,-76,-83,-67,-76
zigzagging_without_rotation:61,zigzagging_without_rotation,0.701329831,13.193881124,1.762357809,-70,-69,-74,-73,-58,-63,-82,-74,-75,-84,-69,-84
zigzagging_without_rotation:62,zigzagging_without_rotation,0.424189029,13.314884147,1.786390236,-70,-66,-75,-78,-58,-65,-79,-79,-81,-75,-68,-76
